INSERT INTO pessoa (cpf, nome, telefone, endereço) VALUES (12345678901, 'João Silva', 11987654321, 'Rua das Flores, 123');
INSERT INTO pessoa (cpf, nome, telefone, endereço) VALUES (23456789012, 'Maria Souza', 21987654321, 'Avenida das Árvores, 456');
INSERT INTO pessoa (cpf, nome, telefone, endereço) VALUES (34567890123, 'Carlos Santos', 31987654321, 'Praça das Rosas, 789');
INSERT INTO funcionario (codigoFuncionario, cargo, dataNasc, salario, cargaHoraria, cpf) VALUES (101, 'Gerente', '1985-01-01', 3000.00, 40, 12345678901);
INSERT INTO funcionario (codigoFuncionario, cargo, dataNasc, salario, cargaHoraria, cpf) VALUES (102, 'Atendente', '1990-02-02', 2000.00, 35, 23456789012);
INSERT INTO funcionario (codigoFuncionario, cargo, dataNasc, salario, cargaHoraria, cpf) VALUES (103, 'Entregador', '1980-03-03', 2500.00, 45, 34567890123);
INSERT INTO entregador (cpf, cnh) VALUES (12345678901, 98765432101);
INSERT INTO entregador (cpf, cnh) VALUES (23456789012, 98765432102);
INSERT INTO entregador (cpf, cnh) VALUES (34567890123, 98765432103);
INSERT INTO cliente (cpf) VALUES (12345678901);
INSERT INTO cliente (cpf) VALUES (23456789012);
INSERT INTO cliente (cpf) VALUES (34567890123);
INSERT INTO produto (codigoProduto, nome, quantidadeEstoque, categoria, preco, tipo) VALUES (1001, 'Pizza Margherita', 50, 'Comida', 25.00, 'Produto Produzido');
INSERT INTO produto (codigoProduto, nome, quantidadeEstoque, categoria, preco, tipo) VALUES (1002, 'Esfiha de Carne', 75, 'Comida', 5.00, 'Produto Produzido');
INSERT INTO produto (codigoProduto, nome, quantidadeEstoque, categoria, preco, tipo) VALUES (1003, 'Refrigerante', 150, 'Bebida', 7.50, 'Produto Fornecido');
INSERT INTO produtoProduzido (codigoProduzido, sabor) VALUES (1001, 'Margherita');
INSERT INTO produtoProduzido (codigoProduzido, sabor) VALUES (1002, 'Carne');
INSERT INTO produtoFornecido (codigoFornecido) VALUES (1003);
INSERT INTO usar (codigoProduzido, codigoFornecido, quantidade) VALUES (1001, 1003, 5);
INSERT INTO pedidoVenda (codigo, data, horario, valorTotal, statusPedido, tipoPagamento, horarioEntrega, taxaEntrega, cpfCliente, cpfFuncionario, cpfEntregador) VALUES (1, '2023-01-01', '18:00', 100.00, 'Em Preparo', 'Dinheiro', NULL, NULL, 12345678901, 23456789012, 34567890123);
INSERT INTO pedidoVenda (codigo, data, horario, valorTotal, statusPedido, tipoPagamento, horarioEntrega, taxaEntrega, cpfCliente, cpfFuncionario, cpfEntregador) VALUES (2, '2023-01-02', '19:00', 150.00, 'Entregue', 'Cartão', '19:30', 5.00, 23456789012, 12345678901, 34567890123);
INSERT INTO pedidoVenda (codigo, data, horario, valorTotal, statusPedido, tipoPagamento, horarioEntrega, taxaEntrega, cpfCliente, cpfFuncionario, cpfEntregador) VALUES (3, '2023-01-03', '20:00', 200.00, 'Cancelado', 'PIX', NULL, NULL, 34567890123, 23456789012, 12345678901);
INSERT INTO fornecedor (cnpj, nomeEmpresa, endereco) VALUES (12345678901234, 'Fornecedor A', 'Rua A, 123');
INSERT INTO fornecedor (cnpj, nomeEmpresa, endereco) VALUES (23456789012345, 'Fornecedor B', 'Rua B, 456');
INSERT INTO fornecedor (cnpj, nomeEmpresa, endereco) VALUES (34567890123456, 'Fornecedor C', 'Rua C, 789');
INSERT INTO pedidoCompra (codigoCompra, data, quantidadeItem, precoTotal, statusCompra, tipoPagamento, cnpj) VALUES (1, '2023-01-01', 10, 500.00, 'Recebido', 'Dinheiro', 12345678901234);
INSERT INTO pedidoCompra (codigoCompra, data, quantidadeItem, precoTotal, statusCompra, tipoPagamento, cnpj) VALUES (2, '2023-01-02', 20, 1000.00, 'Pendente', 'Cartão', 23456789012345);
INSERT INTO pedidoCompra (codigoCompra, data, quantidadeItem, precoTotal, statusCompra, tipoPagamento, cnpj) VALUES (3, '2023-01-03', 30, 1500.00, 'Cancelado', 'PIX', 34567890123456);
INSERT INTO compor1 (codigoPedido, codigoProduto, quantidade) VALUES (1, 1001, 2);
INSERT INTO compor1 (codigoPedido, codigoProduto, quantidade) VALUES (2, 1002, 3);
INSERT INTO compor1 (codigoPedido, codigoProduto, quantidade) VALUES (3, 1003, 4);
INSERT INTO compor2 (quantidade, precoUnitario, codigoCompra, codigoFornecido) VALUES (5, 50.00, 1, 1003);
INSERT INTO fornece (codigoFornecido, cnpjFornecedor, precoFornecido) VALUES (1003, 12345678901234, 20.00);